year,artist,title
1970,"Simon & Garfunkel","Bridge over Troubled Water"
1970,"The Carpenters","(They Long to Be) Close to You"
1970,"The Guess Who","American Woman"
1970,"B.J. Thomas","Raindrops Keep Fallin’ on My Head"
1970,"Edwin Starr","War"
1970,"Diana Ross","Ain’t No Mountain High Enough"
1970,"The Jackson 5","I’ll Be There"
1970,"Rare Earth","Get Ready"
1970,"The Beatles","Let It Be"
1970,"Freda Payne","Band of Gold"
1970,"Three Dog Night","Mama Told Me (Not to Come)"
1970,"Ray Stevens","Everything Is Beautiful"
1970,"Bread","Make It with You"
1970,"Vanity Fare","Hitchin’ a Ride"
1970,"The Jackson 5","ABC"
1970,"The Jackson 5","The Love You Save"
1970,"Neil Diamond","Cracklin’ Rosie"
1970,"Dawn","Candida"
1970,"Sly & the Family Stone","Thank You (Falettinme Be Mice Elf Agin)"
1970,"Eric Burdon & War","Spill the Wine"
1970,"Five Stairsteps","O-o-h Child"
1970,"Norman Greenbaum","Spirit in the Sky"
1970,"Melanie","Lay Down (Candles in the Rain)"
1970,"The Temptations","Ball of Confusion (That’s What the World Is Today)"
1970,"The Moments","Love on a Two-Way Street"
1970,"The Poppy Family","Which Way You Goin’ Billy?"
1970,"Free","All Right Now"
1970,"The Jackson 5","I Want You Back"
1970,"Bobby Sherman","Julie, Do Ya Love Me"
1970,"Sugarloaf","Green-Eyed Lady"
1970,"Stevie Wonder","Signed, Sealed, Delivered I’m Yours"
1970,"Blues Image","Ride Captain Ride"
1970,"Shocking Blue","Venus"
1970,"John Lennon","Instant Karma!"
1970,"Clarence Carter","Patches"
1970,"Creedence Clearwater Revival","Lookin’ out My Back Door"
1970,"Brook Benton","Rainy Night in Georgia"
1970,"Kenny Rogers & The First Edition","Something’s Burning"
1970,"Chairmen of the Board","Give Me Just a Little More Time"
1970,"Edison Lighthouse","Love Grows (Where My Rosemary Goes)"
1970,"The Beatles","The Long and Winding Road"
1970,"Anne Murray","Snowbird"
1970,"Marmalade","Reflections of My Life"
1970,"Eddie Holman","Hey There Lonely Girl"
1970,"The Jaggerz","The Rapper"
1970,"The Hollies","He Ain’t Heavy, He’s My Brother"
1970,"Alive N Kickin’","Tighter, Tighter"
1970,"Badfinger","Come and Get It"
1970,"Simon & Garfunkel","Cecilia"
1970,"Charles Wright & the Watts 103rd Street Rhythm Band","Love Land"
1970,"Tyrone Davis","Turn Back the Hands of Time"
1970,"The Kinks","Lola"
1970,"Mungo Jerry","In the Summertime"
1970,"R. Dean Taylor","Indiana Wants Me"
1970,"R. Dean Taylor","Indiana Wants Me"
1970,"Bobby Sherman","Easy Come, Easy Go"
1970,"Charles Wright & the Watts 103rd Street Rhythm Band","Express Yourself"
1970,"The Four Tops","Still Water (Love)"
1970,"Chicago","Make Me Smile"
1970,"Frijid Pink","The House of the Rising Sun"
1970,"White Plains","My Baby Loves Lovin’"
1970,"The Friends of Distinction","Love or Let Me Be Lonely"
1970,"The Brotherhood of Man","United We Stand"
1970,"The Carpenters","We’ve Only Just Begun"
1970,"Mark Lindsay","Arizona"
1970,"James Taylor","Fire and Rain"
1970,"Gene Chandler","Groovy Situation"
1970,"Santana","Evil Ways"
1970,"The Guess Who","No Time"
1970,"The Delfonics","Didn’t I (Blow Your Mind This Time)"
1970,"Elvis Presley","The Wonder of You"
1970,"Creedence Clearwater Revival","Up Around the Bend"
1970,"Ronnie Dyson","(If You Let Me Make Love To You Then) Why Can’t I Touch You?"
1970,"B.J. Thomas","I Just Can’t Help Believing"
1970,"The Spinners","It’s a Shame"
1970,"Bobbi Martin","For the Love of Him"
1970,"Queen","Mississippi"
1970,"Ike &","I Want to Take You Higher"
1970,"Joe Cocker","The Letter"
1970,"Tee Set","Ma Belle Amie"
1970,"The Originals","The Bells"
1970,"Christie","Yellow River"
1970,"The Ides of March","Vehicle"
1970,"The Pipkins","Gimme Dat Ding"
1970,"Robin McNamara","Lay a Little Lovin’ On Me"
1970,"The Supremes","Up the Ladder to the Roof"
1970,"Creedence Clearwater Revival","Travelin’ Band"
1970,"The Sandpipers","Come Saturday Morning"
1970,"The Temptations","Psychedelic Shack"
1970,"Tom Jones","Without Love (There Is Nothing)"
1970,"Pacific Gas & Electric","Are You Ready?"
1970,"Crosby,","Woodstock"
1970,"Dionne Warwick","I’ll Never Fall in Love Again"
1970,"The New Seekers","Look What They’ve Done to My Song Ma"
1970,"Joe South","Walk A Mile In My Shoes"
1970,"B.B. King","The Thrill Is Gone"
1970,"Glen Campbell","It’s Only Make Believe"
1970,"Aretha Franklin","Call Me"
1971,"Three Dog Night","Joy to the World"
1971,"Rod Stewart","Maggie May/Reason to Believe"
1971,"Carole King","It’s Too Late/I Feel the Earth Move"
1971,"The Osmonds","One Bad Apple"
1971,"Bee Gees","How Can You Mend a Broken Heart"
1971,"Paul Revere & the Raiders","Indian Reservation (The Lament of the Cherokee Reservation Indian)"
1971,"John Denver","Take Me Home, Country Roads"
1971,"The Temptations","Just My Imagination (Running Away with Me)"
1971,"Tony Orlando and Dawn","Knock Three Times"
1971,"Janis Joplin","Me and Bobby McGee"
1971,"Al Green","Tired of Being Alone"
1971,"Honey Cone","Want Ads"
1971,"The Undisputed Truth","Smiling Faces Sometimes"
1971,"Cornelius Brothers & Sister Rose","Treat Her Like a Lady"
1971,"James Taylor","You’ve Got a Friend"
1971,"Jean Knight","Mr. Big Stuff"
1971,"The Rolling Stones","Brown Sugar"
1971,"Lee Michaels","Do You Know What I Mean"
1971,"Joan Baez","The Night They Drove Old Dixie Down"
1971,"Marvin Gaye","What’s Going On"
1971,"Paul & Linda McCartney","Uncle Albert/Admiral Halsey"
1971,"Bill Withers","Ain’t No Sunshine"
1971,"Five Man Electrical Band","Signs"
1971,"Tom Jones","She’s a Lady"
1971,"Murray Head & The Trinidad Singers","Superstar"
1971,"The Free Movement","I’ve Found Someone of My Own"
1971,"Jerry Reed","Amos Moses"
1971,"The Grass Roots","Temptation Eyes"
1971,"The Carpenters","Superstar"
1971,"George Harrison","My Sweet Lord"
1971,"Donny Osmond","Sweet and Innocent"
1971,"Ocean","Put Your Hand in the Hand"
1971,"Daddy Dewdrop","Chick-A-Boom (Don’t Ya Jes’ Love It)"
1971,"The Carpenters","For All We Know"
1971,"Sammi Smith","Help Me Make It Through the Night"
1971,"The Carpenters","Rainy Days and Mondays"
1971,"Gordon Lightfoot","If You Could Read My Mind"
1971,"Cher","Gypsys, Tramps & Thieves"
1971,"The Jackson 5","Never Can Say Goodbye"
1971,"Lynn Anderson","Rose Garden"
1971,"Hamilton, Joe Frank & Reynolds","Don’t Pull Your Love"
1971,"Ringo Starr","It Don’t Come Easy"
1971,"Nitty Gritty Dirt Band","Mr. Bojangles"
1971,"The Fuzz","I Love You for All Seasons"
1971,"The Dramatics","Whatcha See is Whatcha Get"
1971,"Carly Simon","That’s the Way I’ve Always Heard It Should Be"
1971,"Stevie Wonder","If You Really Love Me"
1971,"Aretha Franklin","Spanish Harlem"
1971,"Helen Reddy","I Don’t Know How to Love Him"
1971,"The Osmonds","Yo-Yo"
1971,"Aretha Franklin","Bridge over Troubled Water"
1971,"The Partridge Family","Doesn’t Somebody Want to Be Wanted"
1971,"Tommy James","Draggin’ the Line"
1971,"Ike & Tina Turner","Proud Mary"
1971,"Chicago","Beginnings / Colour My World"
1971,"The Bells","Stay Awhile"
1971,"The Stampeders","Sweet City Woman"
1971,"Lobo","Me and You and a Dog Named Boo"
1971,"Paul McCartney","Another Day / Oh Woman, Oh Why"
1971,"Bread","If"
1971,"Marvin Gaye","Mercy Mercy Me (The Ecology)"
1971,"Brewer & Shipley","One Toke Over the Line"
1971,"8th Day","She’s Not Just Another Woman"
1971,"Freda Payne","Bring the Boys Home"
1971,"Rare Earth","I Just Want to Celebrate"
1971,"Delaney & Bonnie & Friends","Never Ending Song of Love"
1971,"Freddie Hart","Easy Loving"
1971,"Three Dog Night","Liar"
1971,"Honey Cone","Stick-Up"
1971,"Mac and Katie Kissoon","Chirpy Chirpy Cheep Cheep"
1971,"Andy Williams","(Where Do I Begin?) Love Story"
1971,"Cat Stevens","Wild World"
1971,"Jerry Reed","When You’re Hot, You’re Hot"
1971,"The Beginning of the End","Funky Nassau"
1971,"Olivia Newton-John","If Not for You"
1971,"King Floyd","Groove Me"
1971,"Bobby Goldsboro","Watching Scotty Grow"
1971,"Matthews Southern Comfort","Woodstock"
1971,"Judy Collins","Amazing Grace"
1971,"Dave Edmunds","I Hear You Knocking"
1971,"Bee Gees","Lonely Days"
1971,"The Fortunes","Here Comes That Rainy Day Feeling Again"
1971,"The Who","Won’t Get Fooled Again"
1971,"Denise LaSalle","Trapped By a Thing Called Love"
1971,"The Jackson 5","Mama’s Pearl"
1971,"The Buoys","Timothy"
1971,"The Partridge Family","I Woke Up In Love This Morning"
1971,"Isaac Hayes","Theme from Shaft"
1971,"Gladys Knight & the Pips","If I Were Your Woman"
1971,"Neil Diamond","I Am…I Said"
1971,"Paul Stookey","The Wedding Song (There Is Love)"
1971,"Wilson Pickett","Don’t Knock My Love"
1971,"The Doors","Love Her Madly"
1971,"Richie Havens","Here Comes the Sun"
1971,"Wadsworth Mansion","Sweet Mary"
1971,"Brenda & the Tabulations","Right on the Tip of My Tongue"
1971,"The 5th Dimension","One Less Bell to Answer"
1971,"The Doors","Riders on the Storm"
1971,"Perry Como","Somos Novios (It’s Impossible)"
1972,"Roberta Flack","The First Time Ever I Saw Your Face"
1972,"Gilbert O’Sullivan","Alone Again (Naturally)"
1972,"Don McLean","American Pie"
1972,"Harry Nilsson","Without You"
1972,"Sammy Davis, Jr.","The Candy Man"
1972,"Joe Tex","I Gotcha"
1972,"Bill Withers","Lean on Me"
1972,"Mac Davis","Baby, Don’t Get Hooked on Me"
1972,"Melanie","Brand New Key"
1972,"Wayne Newton","Daddy Don’t You Walk So Fast"
1972,"Al Green","Let’s Stay Together"
1972,"Looking Glass","Brandy (You’re a Fine Girl)"
1972,"The Chi-Lites","Oh Girl"
1972,"Gallery","Nice to Be with You"
1972,"Chuck Berry","My Ding-a-Ling"
1972,"Luther Ingram","(If Loving You Is Wrong) I Don’t Want to Be Right"
1972,"Neil Young","Heart of Gold"
1972,"The Stylistics","Betcha by Golly, Wow"
1972,"The Staple Singers","I’ll Take You There"
1972,"Michael Jackson","Ben"
1972,"Robert John","The Lion Sleeps Tonight"
1972,"Billy Preston","Outa-Space"
1972,"War","Slippin’ Into Darkness"
1972,"The Hollies","Long Cool Woman in a Black Dress"
1972,"Mouth & MacNeal","How Do You Do"
1972,"Neil Diamond","Song Sung Blue"
1972,"America","A Horse with No Name"
1972,"Hot Butter","Popcorn"
1972,"The Main Ingredient","Everybody Plays the Fool"
1972,"Climax","Precious and Few"
1972,"The 5th Dimension","(Last Night) I Didn’t Get to Sleep at All"
1972,"The Moody Blues","Nights in White Satin"
1972,"Raspberries","Go All the Way"
1972,"Cornelius Brothers & Sister Rose","Too Late to Turn Back Now"
1972,"The O’Jays","Back Stabbers"
1972,"The Osmonds","Down by the Lazy River"
1972,"Jonathan Edwards","Sunshine"
1972,"Mel and Tim","Starting All Over Again"
1972,"Badfinger","Day After Day"
1972,"Elton John","Rocket Man"
1972,"Michael Jackson","Rockin’ Robin"
1972,"Daniel Boone","Beautiful Sunday"
1972,"Dennis Coffey","Scorpio"
1972,"Cat Stevens","Morning Has Broken"
1972,"Arlo Guthrie","City of New Orleans"
1972,"Ricky Nelson","Garden Party"
1972,"Johnny Nash","I Can See Clearly Now"
1972,"Elvis Presley","Burning Love"
1972,"Betty Wright","Clean Up Woman"
1972,"Argent","Hold Your Head Up"
1972,"The Chakachas","Jungle Fever"
1972,"Everything I Own","Bread"
1972,"The Dramatics","In the Rain"
1972,"Al Green","Look What You Done for Me"
1972,"Donna Fargo","The Happiest Girl in the Whole U.S.A."
1972,"T. Rex","Get It On"
1972,"Paul Simon","Mother and Child Reunion"
1972,"Roberta Flack & Donny Hathaway","Where Is the Love"
1972,"Al Green","I’m Still in Love with You"
1972,"Derek and the Dominos","Layla"
1972,"Aretha Franklin","Day Dreaming"
1972,"Cher","The Way of Love"
1972,"Three Dog Night","Black and White"
1972,"Dr. Hook & The Medicine Show","Sylvia’s Mother"
1972,"The Carpenters","Hurting Each Other"
1972,"Harry Nilsson","Coconut"
1972,"Donny Osmond","Puppy Love"
1972,"Jim Croce","You Don’t Mess Around with Jim"
1972,"Commander Cody and His Lost Planet Airmen","Hot Rod Lincoln"
1972,"Sonny & Cher","A Cowboy’s Work Is Never Done"
1972,"Apollo 100","Joy"
1972,"Carly Simon","Anticipation"
1972,"Three Dog Night","Never Been to Spain"
1972,"Charley Pride","Kiss an Angel Good Mornin’"
1972,"Alice Cooper","School’s Out"
1972,"Chicago","Saturday in the Park"
1972,"Joe Simon","Drowning in the Sea of Love"
1972,"Bill Withers","Use Me"
1972,"Sly & the Family Stone","Family Affair"
1972,"The Jimmy Castor Bunch","Troglodyte (Cave Man)"
1972,"Redbone","The Witch queen of New Orleans"
1972,"Curtis Mayfield","Freddie’s Dead"
1972,"Joe Simon","Power of Love"
1972,"Joe Simon","Power of Love"
1972,"Harry Chapin","Taxi"
1972,"Beverly Bremers","Don’t Say You Don’t Remember"
1972,"Bobby Vinton","Sealed with a Kiss"
1972,"Todd Rundgren","I Saw the Light"
1972,"Sailcat","Motorcycle Mama"
1972,"Original Cast of Godspell","Day by Day"
1972,"Yes","Roundabout"
1972,"Jackson Browne","Doctor My Eyes"
1972,"The New Seekers","I’d Like to Teach the World to Sing (In Perfect Harmony)"
1972,"Don McLean","Vincent"
1972,"The Detroit Emeralds","Baby Let Me Take You (In My Arms)"
1972,"Rick Springfield","Speak to the Sky"
1972,"The Hillside Singers","I’d Like to Teach the World to Sing (In Perfect Harmony)"
1972,"Love Unlimited","Walkin’ in the Rain with the One I Love"
1972,"James Brown","Get on the Good Foot"
1972,"The Isley Brothers","Pop That Thang"
1973,"Tony Orlando and Dawn","Tie a Yellow Ribbon Round the Ole Oak Tree"
1973,"Jim Croce","Bad, Bad Leroy Brown"
1973,"Roberta Flack","Killing Me Softly with His Song"
1973,"Marvin Gaye","Let’s Get It On"
1973,"& Wings","My Love"
1973,"Kris Kristofferson","Why Me"
1973,"Elton John","Crocodile Rock"
1973,"Billy Preston","Will It Go Round in Circles"
1973,"Carly Simon","You’re So Vain"
1973,"Diana Ross","Touch Me in the Morning"
1973,"Vicki Lawrence","The Night the Lights Went Out in Georgia"
1973,"Clint Holmes","Playground in My Mind"
1973,"Stories","Brother Louie"
1973,"Helen Reddy","Delta Dawn"
1973,"Billy Paul","Me and Mrs. Jones"
1973,"The Edgar Winter Group","Frankenstein"
1973,"Dobie Gray","Drift Away"
1973,"Sweet","Little Willy"
1973,"Stevie Wonder","You Are the Sunshine of My Life"
1973,"Cher","Half-Breed"
1973,"The Isley Brothers","That Lady"
1973,"Sylvia","Pillow Talk"
1973,"Grand Funk Railroad","We’re an American Band"
1973,"Dr. John","Right Place Wrong Time"
1973,"Skylark","Wildflower"
1973,"Stevie Wonder","Superstition"
1973,"Paul Simon","Loves Me Like a Rock"
1973,"Maureen McGovern","The Morning After"
1973,"John Denver","Rocky Mountain High"
1973,"Stealers Wheel","Stuck in the Middle with You"
1973,"Three Dog Nigh","Shambala"
1973,"The O’Jays","Love Train"
1973,"Barry White","I’m Gonna Love You Just a Little More Baby"
1973,"Tony Orlando and Dawn","Say, Has Anybody Seen My Sweet Gypsy Rose"
1973,"Eddie Kendricks","Keep on Truckin’"
1973,"Anne Murray","Danny’s Song"
1973,"King Harvest","Dancing in the Moonlight"
1973,"Bobby Boris Pickett and the Crypt-Kickers","Monster Mash"
1973,"Bloodstone","Natural High"
1973,"Seals and Crofts","Diamond Girl"
1973,"The Doobie Brothers","Long Train Runnin’"
1973,"George Harrison","Give Me Love (Give Me Peace on Earth)"
1973,"Sly & the Family Stone","If You Want Me to Stay"
1973,"Jermaine Jackson","Daddy’s Home"
1973,"Gladys Knight & the Pips","Neither One of Us (Wants to Be the First to Say Goodbye)"
1973,"New York City","I’m Doin’ Fine Now"
1973,"The Spinners","Could It Be I’m Falling in Love"
1973,"Elton John","Daniel"
1973,"Gladys Knight & the Pips","Midnight Train to Georgia"
1973,"Deep Purple","Smoke on the Water"
1973,"Dr. Hook & The Medicine Show","The Cover of the Rolling Stone"
1973,"Charlie Rich","Behind Closed Doors"
1973,"Loggins and Messina","Your Mama Don’t Dance"
1973,"Chicago","Feelin’ Stronger Every Day"
1973,"War","The Cisco Kid"
1973,"Paul McCartney & Wings","Live and Let Die"
1973,"Hurricane Smith","Oh, Babe, What Would You Say?"
1973,"Johnnie Taylor","I Believe in You (You Believe in Me)"
1973,"The Carpenters","Sing"
1973,"The Four Tops","Ain’t No Woman (Like the One I’ve Got)"
1973,"Eric Weissberg & Steve Mandell","Dueling Banjos"
1973,"Stevie Wonder","Higher Ground"
1973,"Al Green","Here I Am (Come and Take Me)"
1973,"B.W. Stevenson","My Maria"
1973,"Curtis Mayfield","Superfly"
1973,"Edward Bear","ArizonaLast Song"
1973,"Gilbert O’Sullivan","Get Down"
1973,"Steely Dan","Reelin’ in the Years"
1973,"Focus","Hocus Pocus"
1973,"The Carpenters","Yesterday Once More"
1973,"Bette Midler","Boogie Woogie Bugle Boy"
1973,"Gilbert O’Sullivan","Clair"
1973,"Steely Dan","Do It Again"
1973,"Paul Simon","Kodachrome"
1973,"Timmy Thomas","Why Can’t We Live Together"
1973,"Bette Midler","Do You Wanna Dance?"
1973,"Tower of Power","So Very Hard to Go"
1973,"Johnny Rivers","Rockin’ Pneumonia and the Boogie Woogie Flu"
1973,"The Allman Brothers Band","Ramblin’ Man"
1973,"The Temptations","Masterpiece"
1973,"Helen Reddy","Peaceful"
1973,"The Spinners","One of a Kind (Love Affair)"
1973,"Donna Fargo","Funny Face"
1973,"Ohio Players","Funky Worm"
1973,"The Rolling Stones","Angie"
1973,"Blue Ridge Rangers","Jambalaya (On the Bayou)"
1973,"Lobo","Don’t Expect Me to Be Your Friend"
1973,"The Stylistics","Break Up to Make Up"
1973,"Jud Strunk","Daisy a Day"
1973,"Deodato","Also Sprach Zarathustra (2001)"
1973,"Johnny Nash","Stir It Up"
1973,"Pink Floyd","Money"
1973,"War","Gypsy Man"
1973,"War","The World Is a Ghetto"
1973,"The Pointer Sisters","Yes We Can Can"
1973,"The Edgar Winter Group","Free Ride"
1973,"David Bowie","Space Oddity"
1973,"Albert Hammond","It Never Rains in Southern California"
1973,"Donny Osmond","The Twelfth of Never"
1973,"The Temptations","Papa Was a Rollin’ Stone"
1974,"Barbra Streisand","The Way We Were"
1974,"Terry Jacks","Seasons in the Sun"
1974,"Love Unlimited Orchestra","Love’s Theme"
1974,"Redbone","Come and Get Your Love"
1974,"The Jackson 5","Dancing Machine"
1974,"Grand Funk Railroad","The Loco-Motion"
1974,"MFSB","TSOP (The Sound of Philadelphia)"
1974,"Ray Stevens","The Streak"
1974,"Elton John","Bennie and the Jets"
1974,"Mac Davis","One Hell of a Woman"
1974,"Aretha Franklin","Until You Come Back to Me (That’s What I’m Gonna Do)"
1974,"Kool & the Gang","Jungle Boogie"
1974,"Maria Muldaur","Midnight at the Oasis"
1974,"The Stylistics","You Make Me Feel Brand New"
1974,"Al Wilson","Show and Tell"
1974,"Jim Stafford","Spiders and Snakes"
1974,"David Essex","Rock On"
1974,"John Denver","Sunshine on My Shoulders"
1974,"Blue Magic","Sideshow"
1974,"Blue Swede","Hooked on a Feeling"
1974,"Bo Donaldson and The Heywoods","Billy Don’t Be a Hero"
1974,"Paul McCartney and Wings","Band on the Run"
1974,"Charlie Rich","The Most Beautiful Girl"
1974,"Jim Croce","Time in a Bottle"
1974,"John Denver","Annie’s Song"
1974,"Olivia Newton-John","Let Me Be There"
1974,"Gordon Lightfoot","Sundown"
1974,"Paul Anka","(You’re) Having My Baby"
1974,"Andy Kim","Rock Me Gently"
1974,"Eddie Kendricks","Boogie Down"
1974,"Ringo Starr","You’re Sixteen"
1974,"Olivia Newton-John","If You Love Me (Let Me Know)"
1974,"Cher","Dark Lady"
1974,"Gladys Knight & the Pips","Best Thing That Ever Happened to Me"
1974,"Roberta Flack","Feel Like Makin’ Love"
1974,"The Main Ingredient","Just Don’t Want to Be Lonely"
1974,"Billy Preston","Nothing from Nothing"
1974,"George McCrae","Rock Your Baby"
1974,"The Carpenters","Top of the World"
1974,"Steve Miller Band","The Joker"
1974,"Three Dog Night","The Show Must Go On"
1974,"The Hues Corporation","Rock the Boat"
1974,"Brownsville Station","Smokin’ in the Boys Room"
1974,"Stevie Wonder","Living for the City"
1974,"Paper Lace","The Night Chicago Died"
1974,"Dionne Warwick &","Then Came You"
1974,"Marvin Hamlisch","The Entertainer"
1974,"ABBA","Waterloo"
1974,"The Hollies","The Air That I Breathe"
1974,"Steely Dan","Rikki Don’t Lose That Number"
1974,"Carly Simon & James Taylor","Mockingbird"
1974,"Joni Mitchell","Help Me"
1974,"Anne Murray","You Won’t See Me"
1974,"Barry White","Never, Never Gonna Give You Up"
1974,"& Chaka Khan","Tell Me Something Good"
1974,"Helen Reddy","You and Me Against the World"
1974,"The Righteous Brothers","Rock and Roll Heaven"
1974,"Kool & the Gang","Hollywood Swinging"
1974,"William DeVaughn","Be Thankful for What You Got"
1974,"Johnny Bristol","Hang on in There Baby"
1974,"Mocedades","Eres tú"
1974,"Bachman-Turner Overdrive","Takin’ Care of Business"
1974,"Golden Earring","Radar Love"
1974,"Dave Loggins","Please Come to Boston"
1974,"Wet Willie","Keep On Smilin’"
1974,"Bobby Womack","Lookin’ for a Love"
1974,"The O’Jays","Put Your Hands Together"
1974,"Gladys Knight & the Pips","On and On"
1974,"Cat Stevens","Oh Very Young"
1974,"Helen Reddy","Leave Me Alone (Ruby Red Dress)"
1974,"Elton John","Goodbye Yellow Brick Road"
1974,"Chicago","(I’ve Been) Searchin’ So Long"
1974,"Ringo Starr","Oh My My"
1974,"The O’Jays","For the Love of Money"
1974,"Eric Clapton","I Shot the Sheriff"
1974,"Paul McCartney and Wings","Jet"
1974,"Elton John","Don’t Let the Sun Go Down on Me"
1974,"Mike Oldfield","Tubular Bells"
1974,"Anne Murray","A Love Song"
1974,"Donny and Marie Osmond","I’m Leaving It Up to You"
1974,"Todd Rundgren","Hello It’s Me"
1974,"Tom T. Hall","I Love"
1974,"featuring Wolfman Jack","Clap for the Wolfman"
1974,"Jim Croce","I’ll Have to Say I Love You in a Song"
1974,"Sister Janet Mead","The Lord’s Prayer"
1974,"Lamont Dozier","Trying To Hold On To My Woman"
1974,"Stevie Wonder","Don’t You Worry ’bout a Thing"
1974,"Charlie Rich","A Very Special Love Song"
1974,"Jim Stafford","My Girl Bill"
1974,"Paul McCartney and Wings","Helen Wheels"
1974,"Diana Ross & Marvin Gaye","My Mistake (Was to Love You)"
1974,"Jim Stafford","Wildwood Weed"
1974,"The First Class","Beach Baby"
1974,"War","Me and Baby Brother"
1974,"The Stylistics","Rockin’ Roll Baby"
1974,"Olivia Newton-John","I Honestly Love You"
1974,"Chicago","Call on Me"
1974,"Fancy","Wild Thing"
1974,"The Spinners","Mighty Love"
1975,"Captain & Tennille","Love Will Keep Us Together"
1975,"Glen Campbell","Rhinestone Cowboy"
1975,"Elton John","Philadelphia Freedom"
1975,"Freddy Fender","Before the Next Teardrop Falls"
1975,"Frankie Valli","My Eyes Adored You"
1975,"Earth, Wind & Fire","Shining Star"
1975,"David Bowie","Fame"
1975,"Neil Sedaka","Laughter in the Rain"
1975,"Eagles","One of These Nights"
1975,"John Denver","Thank God I’m a Country Boy"
1975,"Bee Gees","Jive Talkin’"
1975,"Eagles","Best of My Love"
1975,"Minnie Riperton","Lovin’ You"
1975,"Carl Douglas","Kung Fu Fighting"
1975,"The Doobie Brothers","Black Water"
1975,"Sweet","The Ballroom Blitz"
1975,"B.J. Thomas","(Hey Won’t You Play) Another Somebody Done Somebody Wrong Song"
1975,"Tony Orlando and Dawn","He Don’t Love You (Like I Love You)"
1975,"Tony Orlando and Dawn","He Don’t Love You (Like I Love You)"
1975,"Average White Band","Pick Up the Pieces"
1975,"Van McCoy & the Soul City Symphony","The Hustle"
1975,"Labelle","Lady Marmalade"
1975,"War","Why Can’t We Be Friends"
1975,"Major Harris","Love Won’t Let Me Wait"
1975,"Stevie Wonder","Boogie On Reggae Woman"
1975,"Freddy Fender","Wasted Days and Wasted Nights"
1975,"The Isley Brothers","Fight the Power"
1975,"Helen Reddy","Angie Baby"
1975,"Ozark Mountain Daredevils","Jackie Blue"
1975,"Ohio Players","Fire"
1975,"Pilot","Magic"
1975,"The Carpenters","Please Mr. Postman"
1975,"America","Sister Golden Hair"
1975,"Elton John","Lucy in the Sky with Diamonds"
1975,"Barry Manilow","Mandy"
1975,"Olivia Newton-John","Have You Never Been Mellow"
1975,"Barry Manilow","Could It Be Magic"
1975,"Harry Chapin","Cat’s in the Cradle"
1975,"Michael Martin Murphey","Wildfire"
1975,"Jessi Colter","I’m Not Lisa"
1975,"Wings","Listen to What the Man Said"
1975,"10cc","I’m Not in Love"
1975,"Billy Swan","I Can Help"
1975,"Hamilton, Joe Frank & Reynolds","Fallin’ in Love"
1975,"Morris Albert","Feelings"
1975,"Sammy Johns","Chevy Van"
1975,"Linda Ronstadt","When Will I Be Loved"
1975,"Barry White","You’re the First, the Last, My Everything"
1975,"Olivia Newton-John","Please Mr. Please"
1975,"Linda Ronstadt","You’re No Good"
1975,"Bazuka","Dynomite"
1975,"The Blackbyrds","Walking in Rhythm"
1975,"Gladys Knight & the Pips","The Way We Were/Try to Remember"
1975,"Melissa Manchester","Midnight Blue"
1975,"Sugarloaf","Don’t Call Us, We’ll Call You"
1975,"Phoebe Snow","Poetry Man"
1975,"Ace","How Long?"
1975,"B.T. Express","Express"
1975,"Earth, Wind & Fire","That’s the Way of the World"
1975,"Styx","Lady"
1975,"Grand Funk","Bad Time"
1975,"Alice Cooper","Only Women Bleed"
1975,"Carol Douglas","Doctor’s Orders"
1975,"KC and the Sunshine Band","Get Down Tonight"
1975,"Paul Anka & Odia Coates","One Man Woman/One Woman Man"
1975,"Joe Cocker","You Are So Beautiful"
1975,"Bad Company","Feel Like Makin’ Love"
1975,"James Taylor","How Sweet It Is (To Be Loved by You)"
1975,"Orleans","Dance with Me"
1975,"Average White Band","Cut the Cake"
1975,"Gloria Gaynor","Never Can Say Goodbye"
1975,"Paul Anka","I Don’t Like to Sleep Alone"
1975,"Donny & Marie Osmond","Morning Side of the Mountain"
1975,"Grand Funk Railroad","Some Kind of Wonderful"
1975,"The Three Degrees","When Will I See You Again"
1975,"Joe Simon","Get Down, Get Down (Get on the Floor)"
1975,"John Denver","I’m Sorry"
1975,"Queen","Killer Queen"
1975,"Eddie Kendricks","Shoeshine Boy"
1975,"B.T. Express","Do It (‘Til You’re Satisfied)"
1975,"Electric Light Orchestra","Can’t Get It Out of My Head"
1975,"Al Green","Sha-La-La (Make Me Happy)"
1975,"America","Lonely People"
1975,"Rufus","You Got the Love"
1975,"Mike Post","The Rockford Files"
1975,"Tavares","It Only Takes a Minute"
1975,"Ringo Starr","No No Song"
1975,"& Wings","Junior’s Farm"
1975,"Jethro Tull","Bungle in the Jungle"
1975,"Leo Sayer","Long Tall Glasses"
1975,"Ray Stevens","Misty"
1975,"Elton John","Someone Saved My Life Tonight"
1975,"Neil Sedaka & Elton John","Bad Blood"
1975,"The Carpenters","Only Yesterday"
1975,"Dwight Twilley Band","I’m on Fire"
1975,"Ringo Starr","Only You (And You Alone)"
1975,"The Amazing Rhythm Aces","Third Rate Romance"
1975,"Bachman–Turner Overdrive","You Ain’t Seen Nothing Yet"
1975,"Frankie Valli","Swearin’ to God"
1975,"Disco-Tex and the Sex-O-Lettes","Call MeGet Dancin’"
1980,"Blondie","Call Me"
1980,"Pink Floyd","Another Brick in the Wall, Part II"
1980,"Olivia Newton-John","Magic"
1980,"Michael Jackson","Rock with You"
1980,"Captain & Tennille","Do That to Me One More Time"
1980,"Queen","Crazy Little Thing Called Love"
1980,"Paul McCartney","Coming Up"
1980,"Lipps Inc","Funkytown"
1980,"Billy Joel","It’s Still Rock and Roll to Me"
1980,"Bette Midler","The Rose"
1980,"Rupert Holmes","Escape (The Piña Colada song)"
1980,"Gary Numan","Cars"
1980,"Smokey Robinson","Cruisin"
1980,"The Spinners","Working My Way Back to You/Forgive Me, Girl"
1980,"Air Supply","Lost in Love"
1980,"Elton John","Little Jeannie"
1980,"Christopher Cross","Ride Like the Wind"
1980,"Diana Ross","Upside Down"
1980,"KC and the Sunshine Band","Please Don’t Go"
1980,"Styx","Babe"
1980,"Billy Preston and Syreeta","With You I’m Born Again"
1980,"The Manhattans","Shining Star"
1980,"Commodores","Still"
1980,"Teri DeSario & KC","Yes, I’m Ready"
1980,"Dr. Hook","Sexy Eyes"
1980,"Robbie Dupree","Steal Away"
1980,"Ambrosia","Biggest Part of Me"
1980,"Kenny Loggins","This Is It"
1980,"The Spinners","Cupid / I’ve Loved You for a Long Time"
1980,"Jermaine Jackson","Let’s Get Serious"
1980,"Kenny Rogers & Kim Carnes","Don’t Fall in Love with a Dreamer"
1980,"Christopher Cross","Sailing"
1980,"Dan Fogelberg","Longer"
1980,"Kenny Rogers","Coward of the County"
1980,"Kool & the Gang","Ladies’ Night"
1980,"Kool & the Gang","Too Hot"
1980,"The SOS Band","Take Your Time (Do It Right)"
1980,"Barbra Streisand & Donna Summer","No More Tears (Enough Is Enough)"
1980,"Kim Carnes","More Love"
1980,"M","Pop Muzik"
1980,"The Pretenders","Brass in Pocket"
1980,"Ray, Goodman & Brown","Special Lady"
1980,"Stevie Wonder","Send One Your Love"
1980,"Shalamar","The Second Time Around"
1980,"Cliff Richard","We Don’t Talk Anymore"
1980,"The Brothers Johnson","Stomp!"
1980,"Eagles","Heartache Tonight"
1980,"Rocky Burnette","Tired of Toein’ the Line"
1980,"Dr. Hook","Better Love Next Time"
1980,"Rupert Holmes","Him"
1980,"and the Silver Bullet Band","Against the Wind"
1980,"Donna Summer","On the Radio"
1980,"The Rolling Stones","Emotional Rescue"
1980,"Herb Alpert","Rise"
1980,"Air Supply","All Out of Love"
1980,"Little River Band","Cool Change"
1980,"J.D. Souther","You’re Only Lonely"
1980,"Andy Gibb","Desire"
1980,"Pete Townshend","Let My Love Open the Door"
1980,"Steve Forbert","Romeo’s Tune"
1980,"Anne Murray","Daydream Believer"
1980,"Eagles","I Can’t Tell You Why"
1980,"Isaac Hayes","Don’t Let Go"
1980,"Tom Petty and the Heartbreakers","Don’t Do Me Like That"
1980,"Michael Jackson","She’s Out of My Life"
1980,"Irene Cara","Fame"
1980,"and the Silver Bullet Band","Fire Lake"
1980,"Linda Ronstadt","How Do I Make You"
1980,"Benny Mardones","Into the Night"
1980,"Pure Prairie League","Let Me Love You Tonight"
1980,"Genesis","Misunderstanding"
1980,"The Dirt Band","An American Dream"
1980,"Carole King","One Fine Day"
1980,"Donna Summer","Dim All the Lights"
1980,"Billy Joel","You May Be Right"
1980,"Neil & Dara Sedaka","Should’ve Never Let You Go"
1980,"Charlie Dore","Pilot of the Airwaves"
1980,"Linda Ronstadt","Hurt So Bad"
1980,"Michael Jackson","Off the Wall"
1980,"Peaches & Herb","I Pledge My Love"
1980,"Eagles","The Long Run"
1980,"Mickey Gilley","Stand by Me"
1980,"Pat Benatar","Heartbreaker"
1980,"Dionne Warwick","Déjà Vu"
1980,"Eddie Rabbitt","Drivin’ My Life Away"
1980,"Supertramp","Take the Long Way Home"
1980,"Fleetwood Mac","Sara"
1980,"Hall & Oates","Wait for Me"
1980,"Boz Scaggs","Jojo"
1980,"Neil Diamond","September Morn"
1980,"George Benson","Give Me the Night"
1980,"Anne Murray","Broken Hearted Me"
1980,"Kenny Rogers","You Decorated My Life"
1980,"Fleetwood Mac","Tusk"
1980,"Prince","I Wanna Be Your Lover"
1980,"Charlie Daniels Band","In America"
1980,"Boz Scaggs","Breakdown Dead Ahead"
1980,"Barry Manilow","Ships"
1980,"Joe Walsh","All Night Long"
1980,"Tom Petty and the Heartbreakers","Refugee"
1981,"Kim Carnes","Bette Davis Eyes"
1981,"Diana Ross & Lionel Richie","Endless Love"
1981,"Kenny Rogers","Lady"
1981,"John Lennon","(Just Like) Starting Over"
1981,"Rick Springfield","Jessie’s Girl"
1981,"Kool & the Gang","Celebration"
1981,"Hall & Oates","Kiss on My List"
1981,"Eddie Rabbitt","I Love a Rainy Night"
1981,"Dolly Parton","to 5"
1981,"REO Speedwagon","Keep on Loving You"
1981,"Joey Scarbury","Theme from The Greatest American Hero (Believe It or Not)"
1981,"Sheena Easton","Morning Train (Nine to Five)"
1981,"Smokey Robinson","Being with You"
1981,"Juice Newton","Queen of Hearts"
1981,"Blondie","Rapture"
1981,"Raydio","A Woman Needs Love (Just Like You Do)"
1981,"Blondie","The Tide Is High"
1981,"Grover Washington, Jr. & Bill Withers","Just the Two of Us"
1981,"The Pointer Sisters","Slow Hand"
1981,"Climax Blues Band","I Love You"
1981,"John Lennon","Woman"
1981,"A Taste of Honey","Sukiyaki"
1981,"ABBA","The Winner Takes It All"
1981,"Stars on 45","Stars on 45 Medley"
1981,"Juice Newton","Angel of the Morning"
1981,"Neil Diamond","Love on the Rocks"
1981,"Air Supply","Every Woman in the World"
1981,"Air Supply","The One That You Love"
1981,"Barbra Streisand & Barry Gibb","Guilty"
1981,"Styx","The Best of Times"
1981,"The Oak Ridge Boys","Elvira"
1981,"REO Speedwagon","Take It on the Run"
1981,"Ronnie Milsap","(There’s) No Gettin’ Over Me"
1981,"Gino Vannelli","Living Inside Myself"
1981,"Barbra Streisand","Woman in Love"
1981,"The Manhattan Transfer","The Boy from New York City"
1981,"Foreigner","Urgent"
1981,"Rod Stewart","Passion"
1981,"Commodores","Lady (You Bring Me Up)"
1981,"Don McLean","Crying"
1981,"Marty Balin","Hearts"
1981,"Diana Ross","It’s My Turn"
1981,"Hall & Oates","You Make My Dreams"
1981,"Kenny Rogers","I Don’t Need You"
1981,"Champaign","How ‘Bout Us"
1981,"Pat Benatar","Hit Me with Your Best Shot"
1981,"The Greg Kihn Band","The Breakup Song (They Don’t Write ‘Em)"
1981,"The Alan Parsons Project","Time"
1981,"Bruce Springsteen","Hungry Heart"
1981,"Franke and the Knockouts","Sweetheart"
1981,"Leo Sayer","More Than I Can Say"
1981,"Terri Gibbs","Somebody’s Knockin’"
1981,"Tierra","Together"
1981,"Styx","Too Much Time on My Hands"
1981,"Dottie West & Kenny Rogers","What Are We Doin’ in Love"
1981,"Journey","Who’s Crying Now"
1981,"The Police","De Do Do Do, De Da Da Da"
1981,"Gary U.S. Bonds","This Little Girl"
1981,"Stevie Nicks & Tom Petty","Stop Draggin’ My Heart Around"
1981,"Delbert McClinton","Giving It Up for Your Love"
1981,"Cliff Richard","A Little in Love"
1981,"Neil Diamond","America"
1981,"John Cougar","Ain’t Even Done With The Night"
1981,"Christopher Cross","Arthur’s Theme (Best That You Can Do)"
1981,"Queen","Another One Bites the Dust"
1981,"The Alan Parsons Project","Games People Play"
1981,"Eric Clapton","I Can’t Stand It"
1981,"Steve Winwood","While You See a Chance"
1981,"Stevie Wonder","Master Blaster (Jammin’)"
1981,"Neil Diamond","Hello Again"
1981,"The Police","Don’t Stand So Close to Me"
1981,"Steely Dan","Hey Nineteen"
1981,"Stevie Wonder","I Ain’t Gonna Stand for It"
1981,"George Harrison","All Those Years Ago"
1981,"Eddie Rabbitt","Step By Step"
1981,"Billy Squier","The Stroke"
1981,"Alabama","Feels So Right"
1981,"George Duke & Stanley Clarke","Sweet Baby"
1981,"Dan Fogelberg","Same Old Lang Syne"
1981,"Pablo Cruise","Cool Love"
1981,"Electric Light Orchestra","Hold On Tight"
1981,"John Schneider","It’s Now or Never"
1981,"Pat Benatar","Treat Me Right"
1981,"Santana","Winning"
1981,"Barbra Streisand & Barry Gibb","What Kind of Fool"
1981,"John Lennon","Watching the Wheels"
1981,"Heart","Tell It Like It Is"
1981,"Ronnie Milsap","Smoky Mountain Rain"
1981,"Barry Manilow","I Made It Through the Rain"
1981,"Hall & Oates","You’ve Lost That Lovin’ Feelin’"
1981,"Olivia Newton-John & Cliff Richard","Suddenly"
1981,"Sheena Easton","For Your Eyes Only"
1981,"The Beach Boys","The Beach Boys Medley"
1981,"Devo","Whip It"
1981,"Sheena Easton","Modern Girl"
1981,"Gary Wright","Really Wanna Know You"
1981,"Rosanne Cash","Seven Year Ache"
1981,"Diana Ross","I’m Coming Out"
1981,"Boz Scaggs","Miss Sun"
1981,"Andy Gibb","Time Is Time"
1982,"Olivia Newton-John","Physical"
1982,"Survivor","Eye of the Tiger"
1982,"Joan Jett & The Blackhearts","I Love Rock ‘n Roll"
1982,"Paul McCartney and Stevie Wonder","Ebony and Ivory"
1982,"The J. Geils Band","Centerfold"
1982,"The Human League","Don’t You Want Me"
1982,"John Cougar","Jack & Diane"
1982,"John Cougar","Hurts So Good"
1982,"Steve Miller Band","Abracadabra"
1982,"Chicago","Hard to Say I’m Sorry"
1982,"Soft Cell","Tainted Love"
1982,"Vangelis","Chariots of Fire"
1982,"Quarterflash","Harden My Heart"
1982,"Toto","Rosanna"
1982,"Hall & Oates","I Can’t Go for That (No Can Do)"
1982,"Tommy Tutone","867-5309/Jenny"
1982,"Bertie Higgins","Key Largo"
1982,"Melissa Manchester","You Should Hear How She Talks About You"
1982,"Foreigner","Waiting for a Girl Like You"
1982,"Rick Springfield","Don’t Talk to Strangers"
1982,"Juice Newton","The Sweetest Thing (I’ve Ever Known)"
1982,"Willie Nelson","Always on My Mind"
1982,"The Cars","Shake It Up"
1982,"Dazz Band","Let It Whip"
1982,"The Go-Go’s","We Got the Beat"
1982,"Ray Parker, Jr.","The Other Woman"
1982,"George Benson","Turn Your Love Around"
1982,"Air Supply","Sweet Dreams"
1982,"The Motels","Only the Lonely"
1982,"Men at Work","Who Can It Be Now?"
1982,"Fleetwood Mac","Hold Me"
1982,"The Alan Parsons Project","Eye in the Sky"
1982,"Earth, Wind & Fire","Let’s Groove"
1982,"Journey","Open Arms"
1982,"Dan Fogelberg","Leader of the Band"
1982,"Stevie Nicks and","Leather and Lace"
1982,"Air Supply","Even the Nights Are Better"
1982,"Charlene","I’ve Never Been to Me"
1982,"Asia","Heat of the Moment"
1982,"Little River Band","Take It Easy on Me"
1982,"Buckner & Garcia","Pac-Man Fever"
1982,"Stevie Wonder","That Girl"
1982,"Hall & Oates","Private Eyes"
1982,"Buckingham","Trouble Lindsey"
1982,"Roberta Flack","Making Love"
1982,"Juice Newton","Love’s Been a Little Bit Hard on Me"
1982,"Rod Stewart","Young Turks"
1982,"The J. Geils Band","Freeze-Frame"
1982,"REO Speedwagon","Keep the Fire Burnin’"
1982,"Huey Lewis & The News","Do You Believe in Love"
1982,"Paul Davis","Cool Night"
1982,"Diana Ross","Why Do Fools Fall In Love?"
1982,"Alabama","Love in the First Degree"
1982,"Royal Philharmonic Orchestra","Hooked On Classics"
1982,"Crosby,","Wasted on the Way"
1982,"Eddie Money","Think I’m in Love"
1982,"Donna Summer","Love Is in Control (Finger on the Trigger)"
1982,"Karla Bonoff","Personally"
1982,"Quincy Jones featuring James Ingram","One Hundred Ways"
1982,"Elton John","Blue Eyes"
1982,"The Go-Go’s","Our Lips Are Sealed"
1982,"Sheena Easton","You Could Have Been with Me"
1982,"Paul Davis","Love Affair"
1982,"Hall & Oates","Did It in a Minute"
1982,"A Flock of Seagulls","I Ran (So Far Away)"
1982,"Jackson Browne","Somebody’s Baby"
1982,"Commodores","Oh No"
1982,"Paul McCartney","Take It Away"
1982,"Deniece Williams","It’s Gonna Take a Miracle"
1982,"Kenny Rogers","Love Will Turn You Around"
1982,"Journey","Don’t Stop Believin’"
1982,"Barbra Streisand","Comin’ In and Out of Your Life"
1982,"Laura Branigan","Gloria"
1982,"Elton John","Empty Garden (Hey Hey Johnny)"
1982,"Neil Diamond","Yesterday’s Songs"
1982,"Joan Jett & The Blackhearts","Crimson and Clover"
1982,"The Police","Every Little Thing She Does Is Magic"
1982,"Air Supply","Here I Am"
1982,"Michael McDonald","I Keep Forgettin’ (Every Time You’re Near)"
1982,"Kool & the Gang","Get Down on It"
1982,"Ronnie Milsap","Any Day Now"
1982,"Olivia Newton-John","Make a Move on Me"
1982,"Kool & the Gang","Take My Heart (You Can Have It If You Want It)"
1982,"Diana Ross","Mirror Mirror"
1982,"The Go-Go’s","Vacation"
1982,"Van Halen","Oh, Pretty Woman"
1982,"The Pointer Sisters","Should I Do It"
1982,"Billy Idol","Hot in the City"
1982,"Kim Wilde","Kids in America"
1982,"Little River Band","Man on Your Mind"
1982,"Michael Murphey","What’s Forever For"
1982,"The Rolling Stones","Waiting on a Friend"
1982,"Stevie Wonder","Do I Do"
1982,"Loverboy","Working for the Weekend"
1982,"Greg Guidry","Goin’ Down"
1982,"Christopher Cross","Arthur’s Theme (Best That You Can Do)"
1982,"Kenny Rogers","Through the Years"
1982,"Stevie Nicks","Edge of Seventeen"
1983,"The Police","Every Breath You Take"
1983,"Michael Jackson","Billie Jean"
1983,"Irene Cara","Flashdance… What a Feeling"
1983,"Men at Work","Down Under"
1983,"Michael Jackson","Beat It"
1983,"Bonnie Tyler","Total Eclipse of the Heart"
1983,"Hall & Oates","Maneater"
1983,"Patti Austin and James Ingram","Baby, Come to Me"
1983,"Michael Sembello","Maniac"
1983,"Eurythmics","Sweet Dreams (Are Made of This)"
1983,"Culture Club","Do You Really Want to Hurt Me"
1983,"Eddie Rabbitt and Crystal Gayle","You and I"
1983,"Dexys Midnight Runners","Come On Eileen"
1983,"& The Silver Bullet Band","Shame on the Moon"
1983,"Donna Summer","She Works Hard for the Money"
1983,"Sérgio Mendes","Never Gonna Let You Go"
1983,"Duran Duran","Hungry Like the Wolf"
1983,"David Bowie","Let’s Dance"
1983,"Golden Earring","Twilight Zone"
1983,"Frida","I Know There’s Something Going On"
1983,"The Greg Kihn Band","Jeopardy"
1983,"Eddy Grant","Electric Avenue"
1983,"Thomas Dolby","She Blinded Me with Science"
1983,"Toto","Africa"
1983,"Prince","Little Red Corvette"
1983,"The Pretenders","Back on the Chain Gang"
1983,"Joe Cocker and Jennifer Warnes","Up Where We Belong"
1983,"Styx","Mr. Roboto"
1983,"Lionel Richie","You Are"
1983,"After the Fire","Der Kommissar"
1983,"Taco","Puttin’ on the Ritz"
1983,"Marvin Gaye","Sexual Healing"
1983,"The Human League","(Keep Feeling) Fascination"
1983,"Culture Club","Time (Clock of the Heart)"
1983,"Men Without Hats","The Safety Dance"
1983,"Toni Basil","Mickey"
1983,"Phil Collins","You Can’t Hurry Love"
1983,"Journey","Separate Ways (Worlds Apart)"
1983,"Hall & Oates","One on One"
1983,"Kenny Rogers and Sheena Easton","We’ve Got Tonight"
1983,"Prince","1999"
1983,"Stray Cats","Stray Cat Strut"
1983,"Billy Joel","Allentown"
1983,"Stevie Nicks","Stand Back"
1983,"Billy Joel","Tell Her About It"
1983,"Naked Eyes","Always Something There to Remind Me"
1983,"Lionel Richie","Truly"
1983,"Don Henley","Dirty Laundry"
1983,"Michael Jackson and Paul McCartney","The Girl Is Mine"
1983,"Kajagoogoo","Too Shy"
1983,"Adam Ant","Goody Two-Shoes"
1983,"The Clash","Rock the Casbah"
1983,"Madness","Our House"
1983,"Men at Work","Overkill"
1983,"Duran Duran","Is There Something I Should Know?"
1983,"Laura Branigan","Gloria"
1983,"Rick Springfield","Affair of the Heart"
1983,"The Tubes","She’s a Beauty"
1983,"Laura Branigan","Solitaire"
1983,"Styx","Don’t Let It End"
1983,"Laura Branigan","How Am I Supposed to Live Without You"
1983,"David Bowie","China Girl"
1983,"The Kinks","Come Dancing"
1983,"Naked Eyes","Promises, Promises"
1983,"Little River Band","The Other Guy"
1983,"Air Supply","Making Love Out of Nothing at All"
1983,"Hall & Oates","Family Man"
1983,"Michael Jackson","Wanna Be Startin’ Somethin’"
1983,"Toto","I Won’t Hold You Back"
1983,"Christopher Cross","All Right"
1983,"Bryan Adams","Straight from the Heart"
1983,"Kenny Loggins","Heart to Heart"
1983,"Lionel Richie","My Love"
1983,"Elton John","I’m Still Standing"
1983,"Loverboy","Hot Girls in Love"
1983,"Men at Work","It’s a Mistake"
1983,"Culture Club","I’ll Tumble 4 Ya"
1983,"DeBarge","All This Love"
1983,"Sammy Hagar","Your Love Is Driving Me Crazy"
1983,"Dionne Warwick","Heartbreaker"
1983,"Journey","Faithfully"
1983,"Joe Jackson","Steppin’ Out"
1983,"Quarterflash","Take Me to Heart"
1983,"Stray Cats","(She’s) Sexy + 17"
1983,"Champaign","Try Again"
1983,"Shalamar","Dead Giveaway"
1983,"Jackson Browne","Lawyers in Love"
1983,"Moving Pictures","What About Me"
1983,"Michael Jackson","Human Nature"
1983,"Def Leppard","Photograph"
1983,"Musical Youth","Pass the Dutchie"
1983,"Spandau Ballet","TRUE"
1983,"Frank Stallone","Far from Over"
1983,"Eric Clapton","I’ve Got a Rock ‘n’ Roll Heart"
1983,"Stephen Bishop","It Might Be You"
1983,"Peabo Bryson and Roberta Flack","Tonight, I Celebrate My Love"
1983,"Tom Petty and the Heartbreakers","You Got Lucky"
1983,"Asia","Don’t Cry"
1983,"Joe Jackson","Breaking Us in Two"
1983,"Earth, Wind & Fire","Fall in Love with Me"
1984,"Prince","When Doves Cry"
1984,"Tina Turner","What’s Love Got to Do with It"
1984,"and","Say Say Say"
1984,"Kenny Loggins","Footloose"
1984,"Phil Collins","Against All Odds (Take a Look at Me Now)"
1984,"Van Halen","Jump"
1984,"Lionel Richie","Hello"
1984,"Yes","Owner of a Lonely Heart"
1984,"Ray Parker, Jr.","Ghostbusters"
1984,"Culture Club","Karma Chameleon"
1984,"John Waite","Missing You"
1984,"Lionel Richie","All Night Long (All Night)"
1984,"Deniece Williams","Let’s Hear It for the Boy"
1984,"Bruce Springsteen","Dancing in the Dark"
1984,"Cyndi Lauper","Girls Just Want To Have Fun"
1984,"Duran Duran","The Reflex"
1984,"Cyndi Lauper","Time After Time"
1984,"The Pointer Sisters","Jump (For My Love)"
1984,"The Romantics","Talking in Your Sleep"
1984,"Laura Branigan","Self Control"
1984,"Prince and The Revolution","Let’s Go Crazy"
1984,"Hall & Oates","Say It Isn’t So"
1984,"Thompson Twins","Hold Me Now"
1984,"Kool & The Gang","Joanna"
1984,"Stevie Wonder","I Just Called to Say I Love You"
1984,"Rockwell","Somebody’s Watching Me"
1984,"Matthew Wilder","Break My Stride"
1984,"Dan Hartman","I Can Dream About You"
1984,"Sheila E.","The Glamorous Life"
1984,"Steve Perry","Oh Sherrie"
1984,"Lionel Richie","Stuck on You"
1984,"Elton John","I Guess That’s Why They Call It the Blues"
1984,"Cyndi Lauper","She Bop"
1984,"Madonna","Borderline"
1984,"Corey Hart","Sunglasses at Night"
1984,"Billy Idol","Eyes Without a Face"
1984,"Eurythmics","Here Comes the Rain Again"
1984,"Billy Joel","Uptown Girl"
1984,"Night Ranger","Sister Christian"
1984,"The Cars","Drive"
1984,"Olivia Newton-John","Twist of Fate"
1984,"Duran Duran","Union of the Snake"
1984,"Huey Lewis and the News","The Heart of Rock & Roll"
1984,"Chicago","Hard Habit to Break"
1984,"Scandal","The Warrior"
1984,"Peabo Bryson","If Ever You’re in My Arms Again"
1984,"The Pointer Sisters","Automatic"
1984,"Shannon","Let the Music Play"
1984,"Julio Iglesias and Willie Nelson","To All the Girls I’ve Loved Before"
1984,"Queen","Caribbean"
1984,"Genesis","That’s All"
1984,"Lionel Richie","Running with the Night"
1984,"Elton John","Sad Songs (Say So Much)"
1984,"Huey Lewis and the News","I Want a New Drug"
1984,"Kenny Rogers and Dolly Parton","Islands in the Stream"
1984,"Pat Benatar","Love Is a Battlefield"
1984,"Rod Stewart","Infatuation"
1984,"Mike Reno and Ann Wilson","Almost Paradise"
1984,"ZZ Top","Legs"
1984,"The Jacksons","State of Shock"
1984,"Rick Springfield","Love Somebody"
1984,"Culture Club","Miss Me Blind"
1984,"Huey Lewis and the News","If This Is It"
1984,"The Cars","You Might Think"
1984,"Madonna","Lucky Star"
1984,"Bruce Springsteen","Cover Me"
1984,"Quiet Riot","Cum on Feel the Noize"
1984,"Irene Cara","Breakdance"
1984,"Hall & Oates","Adult Education"
1984,"Tracey Ullman","They Don’t Know"
1984,"Billy Joel","An Innocent Man"
1984,"Bananarama","Cruel Summer"
1984,"Wang Chung","Dance Hall Days"
1984,"KC & the Sunshine Band","Give It Up"
1984,"The Pointer Sisters","I’m So Excited"
1984,"Ray Parker, Jr.","I Still Can’t Get Over Loving You"
1984,"Michael Jackson","Thriller"
1984,"Madonna","Holiday"
1984,"Ollie & Jerry","Breakin’… There’s No Stopping Us"
1984,"John Lennon","Nobody Told Me"
1984,"Culture Club","Church of the Poison Mind"
1984,"Christopher Cross","Think of Laura"
1984,"DeBarge","Time Will Reveal"
1984,"The Police","Wrapped Around Your Finger"
1984,"John Cougar Mellencamp","Pink Houses"
1984,"Ratt","Round and Round"
1984,"The Go-Go’s","Head over Heels"
1984,"Billy Joel","The Longest Time"
1984,"Kool & the Gang","Tonight"
1984,"Christine McVie","Got a Hold on Me"
1984,"Shalamar","Dancing in the Sheets"
1984,"The Rolling Stones","Undercover of the Night"
1984,"John Cafferty & The Beaver Brown Band","On the Dark Side"
1984,"Duran Duran","New Moon on Monday"
1984,"Peter Schilling","Major Tom (Coming Home)"
1984,"The Cars","Magic"
1984,"Night Ranger","When You Close Your Eyes"
1984,"Nena","Luftballons"
1984,"James Ingram and Michael McDonald","Yah Mo B There"
1985,"Wham! featuring George Michael","Careless Whisper"
1985,"Madonna","Like a Virgin"
1985,"Wham!","Wake Me Up Before You Go-Go"
1985,"Foreigner","I Want to Know What Love Is"
1985,"Chaka Khan","I Feel for You"
1985,"Hall & Oates","Out of Touch"
1985,"Tears for Fears","Everybody Wants to Rule the World"
1985,"Dire Straits","Money for Nothing"
1985,"Madonna","Crazy for You"
1985,"a-ha","Take on Me"
1985,"Paul Young","Everytime You Go Away"
1985,"Philip Bailey and Phil Collins","Easy Lover"
1985,"REO Speedwagon","Can’t Fight This Feeling"
1985,"Starship","We Built This City"
1985,"Huey Lewis and the News","The Power of Love"
1985,"Simple Minds","Don’t You (Forget About Me)"
1985,"Kool & the Gang","Cherish"
1985,"John Parr","St. Elmo’s Fire (Man in Motion)"
1985,"Glenn Frey","The Heat Is On"
1985,"USA for Africa","We Are the World"
1985,"Tears for Fears","Shout"
1985,"Stevie Wonder","Part-Time Lover"
1985,"Whitney Houston","Saving All My Love For You"
1985,"Bryan Adams","Heaven"
1985,"Wham!","Everything She Wants"
1985,"New Edition","Cool It Now"
1985,"Jan Hammer","Miami Vice Theme"
1985,"Billy Ocean","Loverboy"
1985,"Teena Marie","Lovergirl"
1985,"Glenn Frey","You Belong to the City"
1985,"Ready for the World","Oh Sheila"
1985,"DeBarge","Rhythm of the Night"
1985,"Phil Collins","One More Night"
1985,"The Honeydrippers","Sea of Love"
1985,"Duran Duran","A View to a Kill"
1985,"Duran Duran","The Wild Boys"
1985,"Chicago","You’re the Inspiration"
1985,"The Pointer Sisters","Neutron Dance"
1985,"Pat Benatar","We Belong"
1985,"Commodores","Nightshift"
1985,"Howard Jones","Things Can Only Get Better"
1985,"Jack Wagner","All I Need"
1985,"Aretha Franklin","Freeway of Love"
1985,"Corey Hart","Never Surrender"
1985,"Phil Collins","Sussudio"
1985,"Sheena Easton","Strut"
1985,"Whitney Houston","You Give Good Love"
1985,"Survivor","The Search Is Over"
1985,"Diana Ross","Missing You"
1985,"Phil Collins and Marilyn Martin","Separate Lives"
1985,"and The Revolution","Raspberry Beret"
1985,"Billy Ocean","Suddenly"
1985,"Don Henley","The Boys of Summer"
1985,"Murray Head","One Night in Bangkok"
1985,"Sting","If You Love Somebody Set Them Free"
1985,"Animotion","Obsession"
1985,"Tina Turner","We Don’t Need Another Hero"
1985,"Madonna","Material Girl"
1985,"Tina Turner","Better Be Good to Me"
1985,"Tears for Fears","Head over Heels"
1985,"Harold Faltermeyer","Axel F"
1985,"Sade","Smooth Operator"
1985,"Mary Jane Girls","In My House"
1985,"Phil Collins","Don’t Lose My Number"
1985,"Cyndi Lauper","All Through the Night"
1985,"Bryan Adams","Run to You"
1985,"Bruce Springsteen","Glory Days"
1985,"Til Tuesday","Voices Carry"
1985,"Kool & the Gang","Misled"
1985,"Eurythmics","Would I Lie to You?"
1985,"ABC","Be Near Me"
1985,"Paul McCartney","No More Lonely Nights"
1985,"Survivor","I Can’t Hold Back"
1985,"Bryan Adams","Summer Of ’69"
1985,"Katrina and the Waves","Walking on Sunshine"
1985,"Wham!","Freedom"
1985,"Julian Lennon","Too Late for Goodbyes"
1985,"Julian Lennon","Valotte"
1985,"Power Station","Some Like It Hot"
1985,"Ashford & Simpson","Solid"
1985,"Madonna","Angel"
1985,"Bruce Springsteen","I’m on Fire"
1985,"Hall & Oates","Method of Modern Love"
1985,"Thompson Twins","Lay Your Hands on Me"
1985,"DeBarge","Who’s Holding Donna Now"
1985,"John Cougar Mellencamp","Lonely Ol’ Night"
1985,"Heart","What About Love"
1985,"David Lee Roth","California Girls"
1985,"Kool & the Gang","Fresh"
1985,"Jermaine Jackson","Do What You Do"
1985,"The Time","Jungle Love"
1985,"Bruce Springsteen","Born in the U.S.A."
1985,"Tina Turner","Private Dancer"
1985,"Aretha Franklin","Who’s Zoomin’ Who"
1985,"Sting","Fortress Around Your Heart"
1985,"Lionel Richie","Penny Lover"
1985,"Don Henley","All She Wants to Do Is Dance"
1985,"Madonna","Dress You Up"
1985,"Night Ranger","Sentimental Street"
1985,"Sheena Easton","Sugar Walls"
1986,"Dionne and Friends (Dionne Warwick, Gladys Knight,","That’s What Friends Are For"
1986,"Lionel Richie","Say You, Say Me"
1986,"Klymaxx","I Miss You"
1986,"Patti LaBelle and Michael McDonald","On My Own"
1986,"Mr. Mister","Broken Wings"
1986,"Whitney Houston","How Will I Know"
1986,"Eddie Murphy","Party All the Time"
1986,"Survivor","Burning Heart"
1986,"Mr. Mister","Kyrie"
1986,"Robert Palmer","Addicted to Love"
1986,"Whitney Houston","Greatest Love of All"
1986,"Atlantic Starr","Secret Lovers"
1986,"Gloria Loring and Carl Anderson","Friends and Lovers"
1986,"Peter Cetera","Glory of Love"
1986,"Pet Shop Boys","West End Girls"
1986,"Billy Ocean","There’ll Be Sad Songs (To Make You Cry)"
1986,"Simple Minds","Alive and Kicking"
1986,"Heart","Never"
1986,"Prince","Kiss"
1986,"Steve Winwood","Higher Love"
1986,"Huey Lewis and the News","Stuck with You"
1986,"Simply Red","Holding Back the Years"
1986,"Peter Gabriel","Sledgehammer"
1986,"Starship","Sara"
1986,"The Human League","Human"
1986,"Nu Shooz","I Can’t Wait"
1986,"Berlin","Take My Breath Away"
1986,"Falco","Rock Me Amadeus"
1986,"Madonna","Papa Don’t Preach"
1986,"Bon Jovi","You Give Love a Bad Name"
1986,"Billy Ocean","When the Going Gets Tough, the Tough Get Going"
1986,"Janet Jackson","When I Think of You"
1986,"Heart","These Dreams"
1986,"Glass Tiger","Don’t Forget Me (When I’m Gone)"
1986,"Madonna","Live to Tell"
1986,"Belinda Carlisle","Mad About You"
1986,"Level 42","Something About You"
1986,"Bananarama","Venus"
1986,"Lionel Richie","Dancing on the Ceiling"
1986,"Miami Sound Machine","Conga"
1986,"Cyndi Lauper","True Colors"
1986,"Kenny Loggins","Danger Zone"
1986,"Janet Jackson","What Have You Done For Me Lately"
1986,"Howard Jones","No One Is to Blame"
1986,"Sly Fox","Let’s Go All the Way"
1986,"Robert Palmer","I Didn’t Mean to Turn You On"
1986,"Miami Sound Machine","Words Get in the Way"
1986,"The Bangles","Manic Monday"
1986,"Dire Straits","Walk of Life"
1986,"Boston","Amanda"
1986,"Stacey Q","Two of Hearts"
1986,"The Jets","Crush on You"
1986,"Orchestral Manoeuvres in the Dark","If You Leave"
1986,"Genesis","Invisible Touch"
1986,"Sade","The Sweetest Taboo"
1986,"INXS","What You Need"
1986,"Stevie Nicks","Talk to Me"
1986,"Janet Jackson","Nasty"
1986,"Eddie Money","Take Me Home Tonight"
1986,"Jermaine Stewart","We Don’t Have to Take Our Clothes Off"
1986,"Lisa Lisa and Cult Jam","All Cried Out"
1986,"The Outfield","Your Love"
1986,"Wham!","I’m Your Man"
1986,"Scritti Politti","Perfect Way"
1986,"James Brown","Living in America"
1986,"John Cougar Mellencamp","R.O.C.K. in the U.S.A."
1986,"El DeBarge","Who’s Johnny"
1986,"Cameo","Word Up!"
1986,"Van Halen","Why Can’t This Be Love"
1986,"Mike and The Mechanics","Silent Running (On Dangerous Ground)"
1986,"Tina Turner","Typical Male"
1986,"John Cougar Mellencamp","Small Town"
1986,"Baltimora","Tarzan Boy"
1986,"Mike and The Mechanics","All I Need Is a Miracle"
1986,"Michael McDonald","Sweet Freedom"
1986,"Madonna","True Blue"
1986,"Timex Social Club","Rumors"
1986,"Dream Academy","Life in a Northern Town"
1986,"Miami Sound Machine","Bad Boy"
1986,"ZZ Top","Sleeping Bag"
1986,"The Cars","Tonight She Comes"
1986,"Rod Stewart","Love Touch"
1986,"Sheila E.","A Love Bizarre"
1986,"Genesis","Throwing It All Away"
1986,"Regina","Baby Love"
1986,"Arcadia","Election Day"
1986,"Elton John","Nikita"
1986,"Phil Collins","Take Me Home"
1986,"Run–D.M.C. featuring Aerosmith","Walk This Way"
1986,"Anita Baker","Sweet Love"
1986,"Moody Blues","Your Wildest Dreams"
1986,"Paul McCartney","Spies Like Us"
1986,"Starpoint","Object of My Desire"
1986,"Daryl Hall","Dreamtime"
1986,"Force MDs","Tender Love"
1986,"Thompson Twins","King for a Day"
1986,"Lionel Richie","Love Will Conquer All"
1986,"George Michael","A Different Corner"
1986,"Toto","I’ll Be Over You"
1986,"Stevie Wonder","Go Home"
1987,"The Bangles","Walk Like an Egyptian"
1987,"Heart","Alone"
1987,"Gregory Abbott","Shake You Down"
1987,"Whitney Houston","I Wanna Dance with Somebody (Who Loves Me)"
1987,"Starship","Nothing’s Gonna Stop Us Now"
1987,"Robbie Nevil","C’est La Vie"
1987,"Whitesnake","Here I Go Again"
1987,"Bruce Hornsby and the Range","The Way It Is"
1987,"Bob Seger","Shakedown"
1987,"Bon Jovi","Livin’ on a Prayer"
1987,"Los Lobos","La Bamba"
1987,"Wang Chung","Everybody Have Fun Tonight"
1987,"Crowded House","Don’t Dream It’s Over"
1987,"Atlantic Starr","Always"
1987,"U2","With or Without You"
1987,"Jody Watley","Looking for a New Love"
1987,"Lisa Lisa and Cult Jam","Head to Toe"
1987,"Tiffany","I Think We’re Alone Now"
1987,"Billy Idol","Mony Mony"
1987,"Billy Vera and the Beaters","At This Moment"
1987,"Chris de Burgh","The Lady in Red"
1987,"Whitney Houston","Didn’t We Almost Have It All"
1987,"U2","I Still Haven’t Found What I’m Looking For"
1987,"George Michael","I Want Your Sex"
1987,"Duran Duran","Sexy EyesNotorious"
1987,"Debbie Gibson","Only in My Dreams"
1987,"Bill Medley and Jennifer Warnes","(I’ve Had) The Time of My Life"
1987,"Peter Cetera and Amy Grant","The Next Time I Fall"
1987,"Club Nouveau","Lean on Me"
1987,"Madonna","Open Your Heart"
1987,"Lisa Lisa and Cult Jam","Lost in Emotion"
1987,"Cutting Crew","(I Just) Died In Your Arms"
1987,"T’Pau","Heart and Soul"
1987,"Kim Wilde","You Keep Me Hangin’ On"
1987,"Georgia Satellites","Keep Your Hands to Yourself"
1987,"and George Michael","I Knew You Were Waiting (For Me)"
1987,"Janet Jackson","Control"
1987,"Prince","U Got the Look"
1987,"and James Ingram","Somewhere Out There"
1987,"Genesis","Land of Confusion"
1987,"Huey Lewis and the News","Jacob’s Ladder"
1987,"The Jets","You Got It All"
1987,"Samantha Fox","Touch Me (I Want Your Body)"
1987,"with Siedah Garrett","I Just Can’t Stop Loving You"
1987,"Madonna","Causing a Commotion"
1987,"Genesis","In Too Deep"
1987,"Janet Jackson","Let’s Wait Awhile"
1987,"Huey Lewis and the News","Hip to Be Square"
1987,"Chicago","Will You Still Love Me?"
1987,"Fleetwood Mac","Little Lies"
1987,"Suzanne Vega","Luka"
1987,"Bananarama","I Heard A Rumour"
1987,"Richard Marx","Don’t Mean Nothing"
1987,"Kenny G","Songbird"
1987,"Europe","Carrie"
1987,"The System","Don’t Disturb This Groove"
1987,"Madonna","La Isla Bonita"
1987,"Michael Jackson","Bad"
1987,"Prince","Sign o’ the Times"
1987,"Cyndi Lauper","Change of Heart"
1987,"Exposé","Come Go with Me"
1987,"Dan Hill featuring Vonda Shepard","Can’t We Try"
1987,"Billy Idol","To Be a Lover"
1987,"Bruce Hornsby and the Range","Mandolin Rain"
1987,"Swing Out Sister","Breakout"
1987,"Ben E. King","Stand by Me"
1987,"Genesis","Tonight, Tonight, Tonight"
1987,"Glass Tiger","Someday"
1987,"ABC","When Smokey Sings"
1987,"LeVert","Casanova"
1987,"Gloria Estefan and Miami Sound Machine","Rhythm Is Gonna Get You"
1987,"The Whispers","Rock Steady"
1987,"Bon Jovi","Wanted Dead or Alive"
1987,"Peter Gabriel","Big Time"
1987,"Steve Winwood","The Finer Things"
1987,"Exposé","Let Me Be the One"
1987,"Survivor","Is This Love"
1987,"Herb Alpert","Diamonds"
1987,"Exposé","Point of No Return"
1987,"Fleetwood Mac","Big Love"
1987,"Lou Gramm","Midnight Blue"
1987,"Crowded House","Something So Strong"
1987,"Bryan Adams","Heat of the Night"
1987,"Glenn Medeiros","Nothing’s Gonna Change My Love for You"
1987,"Bruce Springsteen","Brilliant Disguise"
1987,"Smokey Robinson","Just to See Her"
1987,"Heart","Who Will You Run To"
1987,"Bruce Willis","Respect Yourself"
1987,"The Jets","Cross My Broken Heart"
1987,"Kool & the Gang","Victory"
1987,"The Pretenders","Don’t Get Me Wrong"
1987,"Huey Lewis and the News","Doing It All for My Baby"
1987,"Breakfast Club","Right on Track"
1987,"Lionel Richie","Ballerina Girl"
1987,"Kenny Loggins","Meet Me Half Way"
1987,"Cutting Crew","I’ve Been in Love Before"
1987,"Beastie Boys","(You Gotta) Fight for Your Right (To Party!)"
1987,"Pseudo Echo","Funkytown"
1987,"Ready for the World","Love You Down"
1988,"George Michael","Faith"
1988,"INXS","Need You Tonight"
1988,"George Harrison","Got My Mind Set on You"
1988,"George Harrison","Got My Mind Set on You"
1988,"Guns N’ Roses","Sweet Child o’ Mine"
1988,"Whitney Houston","So Emotional"
1988,"Belinda Carlisle","Heaven Is a Place on Earth"
1988,"Tiffany","Could’ve Been"
1988,"Breathe","Hands to Heaven"
1988,"Steve Winwood","Roll with It"
1988,"George Michael","One More Try"
1988,"Terence Trent D’Arby","Wishing Well"
1988,"Gloria Estefan and Miami Sound Machine","Anything for You"
1988,"Cheap Trick","The Flame"
1988,"Billy Ocean","Get Outta My Dreams, Get into My Car"
1988,"Exposé","Seasons Change"
1988,"Whitesnake","Is This Love"
1988,"The Escape Club","Wild, Wild West"
1988,"Def Leppard","Pour Some Sugar on Me"
1988,"Taylor Dayne","I’ll Always Love You"
1988,"Michael Jackson","Man in the Mirror"
1988,"Debbie Gibson","Shake Your Love"
1988,"Robert Palmer","Simply Irresistible"
1988,"Richard Marx","Hold On to the Nights"
1988,"Eric Carmen","Hungry Eyes"
1988,"Johnny Hates Jazz","Shattered Dreams"
1988,"George Michael","Father Figure"
1988,"Samantha Fox","Naughty Girls (Need Love Too)"
1988,"Phil Collins","A Groovy Kind of Love"
1988,"Def Leppard","Love Bites"
1988,"Richard Marx","Endless Summer Nights"
1988,"Debbie Gibson","Foolish Beat"
1988,"Whitney Houston","Where Do Broken Hearts Go"
1988,"Aerosmith","Angel"
1988,"The Bangles","A Hazy Shade of Winter"
1988,"Michael Jackson","The Way You Make Me Feel"
1988,"Bobby McFerrin","Don’t Worry, Be Happy"
1988,"Eric Carmen","Make Me Lose Control"
1988,"UB40","Red Red Wine"
1988,"Patrick Swayze featuring Wendy Fraser","She’s Like the Wind"
1988,"Bon Jovi","Bad Medicine"
1988,"The Beach Boys","Kokomo"
1988,"Elton John","I Don’t Wanna Go on with You Like That"
1988,"Rick Astley","Together Forever"
1988,"George Michael","Monkey"
1988,"INXS","Devil Inside"
1988,"Richard Marx","Should’ve Known Better"
1988,"Chicago","I Don’t Wanna Live Without Your Love"
1988,"Kylie Minogue","The Loco-Motion"
1988,"Pet Shop Boys with","What Have I Done to Deserve This?"
1988,"The Jets","Make It Real"
1988,"Information Society","What’s On Your Mind (Pure Energy)"
1988,"Taylor Dayne","Tell It to My Heart"
1988,"Debbie Gibson","Out of the Blue"
1988,"Jody Watley","Don’t You Want Me"
1988,"U2","Desire"
1988,"Belinda Carlisle","I Get Weak"
1988,"Terence Trent D’Arby","Sign Your Name"
1988,"Roger Troutman","I Want to Be Your Man"
1988,"Pebbles","Girlfriend"
1988,"Michael Jackson","Dirty Diana"
1988,"Gloria Estefan and Miami Sound Machine","1-2-2003"
1988,"Pebbles","Mercedes Boy"
1988,"Huey Lewis and the News","Perfect World"
1988,"INXS","New Sensation"
1988,"Pretty Poison","Catch Me (I’m Falling)"
1988,"New Edition","If It Isn’t Love"
1988,"The Jets","Rocket 2 U"
1988,"Peter Cetera","One Good Woman"
1988,"Cheap Trick","Don’t Be Cruel"
1988,"Elton John","Candle in the Wind"
1988,"Daryl Hall & John Oates","Everything Your Heart Desires"
1988,"Foreigner","Say You Will"
1988,"Keith Sweat","I Want Her"
1988,"Natalie Cole","Pink Cadillac"
1988,"Tracy Chapman","Fast Car"
1988,"Icehouse","Electric Blue"
1988,"Bruce Hornsby and the Range","The Valley Road"
1988,"Bobby Brown","Don’t Be Cruel"
1988,"Pet Shop Boys","Always on My Mind"
1988,"Brenda Russell featuring Joe Esposito","Piano in the Dark"
1988,"Van Halen","When It’s Love"
1988,"Paul Carrack","Don’t Shed a Tear"
1988,"Sting","We’ll Be Together"
1988,"Joan Jett and the Blackhearts","I Hate Myself for Loving You"
1988,"Foreigner","I Don’t Want to Live Without You"
1988,"Al B. Sure!","Nite and Day"
1988,"Steve Winwood","Don’t You Know What the Night Can Do?"
1988,"Whitney Houston","One Moment in Time"
1988,"Gloria Estefan and Miami Sound Machine","Can’t Stay Away from You"
1988,"George Michael","Kissing a Fool"
1988,"John Cougar Mellencamp","Cherry Bomb"
1988,"Brenda K. Starr","I Still Believe"
1988,"Cher","I Found Someone"
1988,"INXS","Never Tear Us Apart"
1988,"Steve Winwood","Valerie"
1988,"David Lee Roth","Just Like Paradise"
1988,"Poison","Nothin’ but a Good Time"
1988,"White Lion","Wait"
1988,"Taylor Dayne","Prove Your Love"
1989,"Chicago","Look Away"
1989,"Bobby Brown","My Prerogative"
1989,"Poison","Every Rose Has Its Thorn"
1989,"Paula Abdul","Straight Up"
1989,"Janet Jackson","Miss You Much"
1989,"Paula Abdul","Cold Hearted"
1989,"Bette Midler","Wind Beneath My Wings"
1989,"Milli Vanilli","Girl You Know It’s True"
1989,"Will to Power","Baby, I Love Your Way/Freebird Medley"
1989,"Anita Baker","Giving You the Best That I Got"
1989,"Richard Marx","Right Here Waiting"
1989,"Boy Meets Girl","Waiting For a Star to Fall"
1989,"Debbie Gibson","Lost in Your Eyes"
1989,"Gloria Estefan","Don’t Wanna Lose You"
1989,"Warrant","Heaven"
1989,"Milli Vanilli","Girl I’m Gonna Miss You"
1989,"Roxette","The Look"
1989,"Fine Young Cannibals","She Drives Me Crazy"
1989,"Bobby Brown","On Our Own"
1989,"Phil Collins","Two Hearts"
1989,"Milli Vanilli","Blame It on the Rain"
1989,"Roxette","Listen to Your Heart"
1989,"Bon Jovi","I’ll Be There for You"
1989,"Simply Red","If You Don’t Know Me by Now"
1989,"Madonna","Like a Prayer"
1989,"New Kids on the Block","I’ll Be Loving You (Forever)"
1989,"Breathe","How Can I Fall?"
1989,"Milli Vanilli","Baby Don’t Forget My Number"
1989,"Martika","Toy Soldiers"
1989,"Paula Abdul","Forever Your Girl"
1989,"Mike and The Mechanics","The Living Years"
1989,"The Bangles","Eternal Flame"
1989,"Tone Lōc","Wild Thing"
1989,"Bad English","When I See You Smile"
1989,"Cher","If I Could Turn Back Time"
1989,"Neneh Cherry","Buffalo Stance"
1989,"Sheriff","When I’m with You"
1989,"Taylor Dayne","Don’t Rush Me"
1989,"Bon Jovi","Born to Be My Baby"
1989,"Fine Young Cannibals","Good Thing"
1989,"Sheena Easton","The Lover in Me"
1989,"Young MC","Bust a Move"
1989,"Great White","Once Bitten, Twice Shy"
1989,"Prince","Batdance"
1989,"Michael Damian","Rock On"
1989,"Jody Watley","Real Love"
1989,"The B-52’s","Love Shack"
1989,"Bobby Brown","Every Little Step"
1989,"New Kids on the Block","Hangin’ Tough"
1989,"Rod Stewart","My Heart Can’t Tell You No"
1989,"Love and Rockets","So Alive"
1989,"New Kids on the Block","You Got It (The Right Stuff)"
1989,"Def Leppard","Armageddon It"
1989,"Richard Marx","Satisfied"
1989,"Madonna","Express Yourself"
1989,"Dino","I Like It"
1989,"Donny Osmond","Soldier of Love"
1989,"Tears for Fears","Sowing the Seeds of Love"
1989,"Madonna","Cherish"
1989,"White Lion","When the Children Cry"
1989,"Duran Duran","I Don’t Want Your Love"
1989,"Karyn White","The Way You Love Me"
1989,"Tone Lōc","Funky Cold Medina"
1989,"The Bangles","In Your Room"
1989,"Natalie Cole","Miss You Like Crazy"
1989,"The Cure","Lovesong"
1989,"Karyn White","Secret Rendezvous"
1989,"The Jeff Healey Band","Angel Eyes"
1989,"Guns N’ Roses","Patience"
1989,"Eddie Money","Walk on Water"
1989,"New Kids on the Block","Cover Girl"
1989,"Guns N’ Roses","Welcome to the Jungle"
1989,"Surface","Shower Me With Your Love"
1989,"R.E.M.","Stand"
1989,"Lita Ford and Ozzy Osbourne","Close My Eyes Forever"
1989,"Tiffany","All This Time"
1989,"Cher and Peter Cetera","After All"
1989,"Bobby Brown","Roni"
1989,"Aerosmith","Love in an Elevator"
1989,"Bon Jovi","Lay Your Hands on Me"
1989,"When in Rome","The Promise"
1989,"Edie Brickell & New Bohemians","What I Am"
1989,"Boys Club","I Remember Holding You"
1989,"Guns N’ Roses","Paradise City"
1989,"Samantha Fox","I Wanna Have Some Fun"
1989,"Rick Astley","She Wants to Dance with Me"
1989,"Vanessa Williams","Dreamin’"
1989,"Babyface","It’s No Crime"
1989,"Alice Cooper","Poison"
1989,"Donna Summer","This Time I Know It’s for Real"
1989,"Michael Jackson","Smooth Criminal"
1989,"Deon Estus","Heaven Help Me"
1989,"Bobby Brown","Rock Wit’cha"
1989,"Sa-Fire","Thinking of You"
1989,"Exposé","What You Don’t Know"
1989,"Ann Wilson and Robin Zander","Surrender To Me"
1989,"Don Henley","The End of the Innocence"
1989,"Soul II Soul","Keep on Movin’"
2018,"Drake","GOD’S PLAN"
2018,"Ed Sheeran","PERFECT"
2018,"Bebe Rexha & Florida Georgia Line","MEANT TO BE"
2018,"Camila Cabello featuring Young Thug","HAVANA"
2018,"Post Malone featuring 21 Savage","ROCKSTAR"
2018,"Post Malone featuring Ty Dolla $ign","PSYCHO"
2018,"Cardi B, Bad Bunny & J Balvin","I LIKE IT"
2018,"Zedd, Maren Morris & Grey","THE MIDDLE"
2018,"Drake","IN MY FEELINGS"
2018,"Maroon 5 featuring Cardi B","GIRLS LIKE YOU"
2018,"Drake","NICE FOR WHAT"
2018,"Juice WRLD","LUCID DREAMS"
2018,"Post Malone","BETTER NOW"
2018,"Bruno Mars & Cardi B","FINESSE"
2018,"Ella Mai","BOO’D UP"
2018,"Dua Lipa","NEW RULES"
2018,"XXXTentacion","SAD!"
2018,"Camila Cabello","NEVER BE THE SAME"
2018,"Khalid & Normani","LOVE LIES"
2018,"Ariana Grande","NO TEARS LEFT TO CRY"
2018,"Bazzi","MINE"
2018,"Imagine Dragons","THUNDER"
2018,"BlocBoy JB featuring Drake","LOOK ALIVE"
2018,"Taylor Swift","DELICATE"
2018,"Lil Baby & Drake","YES INDEED"
2018,"Marshmello featuring Anne-Marie","FRIENDS"
2018,"Halsey","BAD AT LOVE"
2018,"Tyga featuring Offset","TASTE"
2018,"NF","LET YOU DOWN"
2018,"G-Eazy featuring A$AP Rocky & Cardi B","NO LIMIT"
2018,"6ix9ine featuring Nicki Minaj & Murda Beatz","FEFE"
2018,"Dan + Shay","TEQUILA"
2018,"Portugal. The Man","FEEL IT STILL"
2018,"Migos, Nicki Minaj & Cardi B","MOTORSPORT"
2018,"Lauv","I LIKE ME BETTER"
2018,"Migos, Nicki Minaj & Cardi B","MOTORSPORT"
2018,"Imagine Dragons","WHATEVER IT TAKES"
2018,"Offset & Metro Boomin","RIC FLAIR DRIP"
2018,"Post Malone","I FALL APART"
2018,"The Weeknd & Kendrick Lamar","PRAY FOR ME"
2018,"Selena Gomez","BACK TO YOU"
2018,"Travis Scott","SICKO MODE"
2018,"Migos featuring Drake","WALK IT TALK IT"
2018,"Lil Pump","GUCCI GANG"
2018,"G-Eazy & Halsey","HIM & I"
2018,"Shawn Mendes","IN MY BLOOD"
2018,"Kendrick Lamar & SZA","ALL THE STARS"
2018,"Migos","STIR FRY"
2018,"Sam Smith","TOO GOOD AT GOODBYES"
2018,"Kendrick Lamar featuring Zacari","LOVE."
2018,"Childish Gambino","THIS IS AMERICA"
2018,"Drake","NONSTOP"
2018,"Kane Brown","HEAVEN"
2018,"Cardi B","BODAK YELLOW (MONEY MOVES)"
2018,"Lil Dicky featuring Chris Brown","FREAKY FRIDAY"
2018,"6ix9ine","GUMMO"
2018,"Rich the Kid","PLUG WALK"
2018,"Maroon 5","WAIT"
2018,"Cardi B","BE CAREFUL"
2018,"Selena Gomez X Marshmello","WOLVES"
2018,"Cardi B featuring 21 Savage","BARTIER CARDI"
2018,"Ariana Grande","GOD IS A WOMAN"
2018,"YG featuring 2 Chainz, Big Sean & Nicki Minaj","BIG BANK"
2018,"Demi Lovato","SORRY NOT SORRY"
2018,"Charlie Puth","HOW LONG"
2018,"MAX featuring gnash","LIGHTS DOWN LOW"
2018,"Khalid","YOUNG, DUMB AND BROKE"
2018,"Calvin Harris & Dua Lipa","ONE KISS"
2018,"Imagine Dragons","NATURAL"
2018,"Jason Aldean","YOU MAKE IT EASY"
2018,"Ed Sheeran","SHAPE OF YOU"
2018,"Gucci Mane featuring Migos","I GET THE BAG"
2018,"DJ Khaled featuring Justin Bieber, Chance the Rapper & Quavo","NO BRAINER"
2018,"A$AP Ferg featuring Nicki Minaj","PLAIN JANE"
2018,"Miguel featuring Travis Scott","SKY WALKER"
2018,"Thomas Rhett","MARRY ME"
2018,"Benny Blanco, Halsey & Khalid","EASTSIDE"
2018,"The Weeknd","CALL OUT MY NAME"
2018,"Jay Rock, Kendrick Lamar, Future & James Blake","KING’S DEAD"
2018,"Marshmello & Bastille","HAPPIER"
2018,"Bad Bunny with Ozuna, Nicky Jam, Casper, Darell and Nio Garcia featuring DJ Nelson","TE BOTE"
2018,"Florida Georgia Line","SIMPLE"
2018,"N*E*R*D & Rihanna","LEMON"
2018,"Logic featuring Alessia Cara & Khalid","1-800-273-8255"
2018,"Justin Timberlake featuring Chris Stapleton","SAY SOMETHING"
2018,"Drake","I’M UPSET"
2018,"Kenny Chesney","GET ALONG"
2018,"XXXTentacion","MOONLIGHT"
2018,"Maroon 5 featuring SZA","WHAT LOVERS DO"
2018,"Nicky Jam x J Balvin","X"
2018,"Ariana Grande","THANK U, NEXT"
2018,"Ella Mai","TRIP"
2018,"Daddy Yankee","DURA"
2018,"XXXTentacion","CHANGES"
2018,"Brett Young","MERCY"
2018,"Luke Combs","ONE NUMBER AWAY"
2018,"Rae Sremmurd & Juicy J","POWERGLIDE"
2018,"Dua Lipa","IDGAF"
2018,"J Balvin & Willy William featuring Beyonce","MI GENTE"
2018,"Imagine Dragons","BELIEVER"
2019,"Lil Nas X featuring Billy Ray Cyrus","OLD TOWN ROAD (#1)"
2019,"Post Malone & Swae Lee","SUNFLOWER (SPIDER-MAN: INTO THE SPIDER-VERSE) (#1)"
2019,"Halsey","WITHOUT ME (#1)"
2019,"Billie Eilish","BAD GUY (#1)"
2019,"Post Malone","WOW. (#2)"
2019,"Marshmello & Bastille","HAPPIER (#2)"
2019,"Ariana Grande","RINGS (#1)"
2019,"Khalid","TALK (#3)"
2019,"Travis Scott","SICKO MODE (#1)"
2019,"Jonas Brothers","SUCKER (#1)"
2019,"Panic! at the Disco","HIGH HOPES (#4)"
2019,"Ariana Grande","THANK U, NEXT (#1)"
2019,"Lizzo","TRUTH HURTS (#1)"
2019,"Sam Smith & Normani","DANCING WITH A STRANGER (#7)"
2019,"Shawn Mendes & Camila Cabello","SENORITA (#1)"
2019,"Ed Sheeran & Justin Bieber","I DON’T CARE (#2)"
2019,"Benny Blanco, Halsey & Khalid","EASTSIDE (#9)"
2019,"Meek Mill featuring Drake","GOING BAD (#6)"
2019,"Lady Gaga & Bradley Cooper","SHALLOW (#1)"
2019,"Khalid","BETTER (#8)"
2019,"Chris Brown featuring Drake","NO GUIDANCE (#5)"
2019,"Maroon 5 featuring Cardi B","GIRLS LIKE YOU (#1)"
2019,"Ava Max","SWEET BUT PSYCHO (#10)"
2019,"DaBaby","SUGE (#7)"
2019,"J. Cole","MIDDLE CHILD (#4)"
2019,"Lil Baby & Gunna","DRIP TOO HARD (#4)"
2019,"Lewis Capaldi","SOMEONE YOU LOVED (#1)"
2019,"Lil Tecca","RAN$OM (#4)"
2019,"Shawn Mendes","IF I CAN’T HAVE YOU (#2)"
2019,"Post Malone featuring Young Thug","GOODBYES (#3)"
2019,"Kodak Black featuring Travis Scott & Offset","ZEZE (#2)"
2019,"Post Malone","BETTER NOW (#3)"
2019,"Post Malone","WOW. (#2)"
2019,"Drake featuring Rick Ross","MONEY IN THE GRAVE (#7)"
2019,"Dan + Shay","SPEECHLESS (#24)"
2019,"Ariana Grande","BREAK UP WITH YOUR GIRLFRIEND, I’M BORED (#2)"
2019,"Cardi B & Bruno Mars","PLEASE ME (#3)"
2019,"Cardi B","MONEY (#13)"
2019,"Taylor Swift","YOU NEED TO CALM DOWN (#2)"
2019,"Lil Nas X","PANINI (#5)"
2019,"A Boogie wit da Hoodie","LOOK BACK AT IT (#27)"
2019,"Bradley Cooper","Camila Cabello"
2019,"Taylor Swift featuring Brendon Urie","ME! (#2)"
2019,"Bad Bunny featuring Drake","MIA (#5)"
2019,"Polo G featuring Lil Tjay","POP OUT (#11)"
2019,"Luke Combs","BEAUTIFUL CRAZY (#21)"
2019,"Blueface","THOTIANA (#8)"
2019,"Juice WRLD","LUCID DREAMS (#2)"
2019,"Sheck Wes","MO BAMBA (#6)"
2019,"Ed Sheeran featuring Khalid","BEAUTIFUL PEOPLE (#13)"
2019,"Gucci Mane X Bruno Mars X Kodak Black","WAKE UP IN THE SKY (#11)"
2019,"Morgan Wallen","WHISKEY GLASSES (#17)"
2019,"Travis Scott","HIGHEST IN THE ROOM (#1)"
2019,"Dean Lewis","BE ALRIGHT (#23)"
2019,"Mustard & Migos","PURE WATER (#23)"
2019,"Blanco Brown","THE GIT UP (#14)"
2019,"DJ Snake featuring Selena Gomez, Ozuna & Cardi B","TAKI TAKI (#11)"
2019,"Ellie Goulding X Diplo featuring Swae Lee","CLOSE TO ME (#24)"
2019,"Calboy","ENVY ME (#31)"
2019,"Lauren Daigle","YOU SAY (#29)"
2019,"Panic! at the Disco","HEY LOOK MA, I MADE IT (#16)"
2019,"Post Malone","CIRCLES (#1)"
2019,"Luke Combs","BEER NEVER BROKE MY HEART (#21)"
2019,"Young Thug, J. Cole & Travis Scott","THE LONDON (#12)"
2019,"Daddy Yankee & Katy Perry featuring Snow","CON CALMA (#22)"
2019,"YNW Melly","MURDER ON MY MIND (#14)"
2019,"Billie Eilish","WHEN THE PARTY’S OVER (#29)"
2019,"City Girls","ACT UP (#26)"
2019,"Cardi B, Bad Bunny & J Balvin","I LIKE IT (#1)"
2019,"SHAED","TRAMPOLINE (#13*)"
2019,"Flipp Dinero","LEAVE ME ALONE (#20)"
2019,"Ariana Grande","BREATHIN (#12)"
2019,"Billie Eilish","BURY A FRIEND (#14)"
2019,"Lil Baby","CLOSE FRIENDS (#28)"
2019,"Pinkfong","BABY SHARK (#32)"
2019,"Saweetie","MY TYPE (#21)"
2019,"YK Osiris","WORTH IT (#48)"
2019,"Jonas Brothers","ONLY HUMAN (#18)"
2019,"Luke Bryan","KNOCKIN’ BOOTS (#31)"
2019,"Ella Mai","TRIP (#11)"
2019,"Lee Brice","RUMOR (#25)"
2019,"A Boogie Wit da Hoodie featuring 6ix9ine","SWERVIN (#38)"
2019,"Sam Smith","HOW DO YOU SLEEP? (#24)"
2019,"Lil Baby & DaBaby","BABY (#21)"
2019,"Thomas Rhett","LOOK WHAT GOD GAVE HER (#32)"
2019,"FOLLOW GOD (#7)","–"
2019,"Offset featuring Cardi B","CLOUT (#39)"
2019,"Khalid & Normani","LOVE LIES (#9)"
2019,"Marshmello & Kane Brown","ONE THING RIGHT (#38)"
2019,"Megan Thee Stallion featuring DaBaby","CASH SHIT (#36)"
2019,"Dan + Shay","TEQUILA (#21)"
2019,"NLE Choppa","SHOTTA FLOW (#36)"
2019,"Megan Thee Stallion, Nicki Minaj & Ty Dolla $ign","HOT GIRL SUMMER (#11)"
2019,"Florida Georgia Line","TALK YOU OUT OF IT (#57)"
2019,"Bazzi featuring Camila Cabello","BEAUTIFUL (#26)"
2019,"Chase Rice","EYES ON YOU (#38)"
2019,"Dan + Shay","ALL TO MYSELF (#31)"
2019,"Ariana Grande & Social House","BOYFRIEND (#8)"
2019,"P!nk","WALK ME HOME (#49)"
2019,"Juice WRLD","ROBBERY (#27)"
